text,word_count
text,1
defi,16
project,16
choos,2
coin,5
enter,1
question,2
circul,1
head,1
answer,1
none,1
howev,4
mean,2
stay,1
market,19
content,1
order,2
wast,1
time,5
let,4
's,4
determin,2
articl,4
address,1
person,1
alreadi,1
cryptocurr,6
take,3
first,4
step,1
mayb,2
ye,1
treat,1
main,1
occup,1
spend,1
hour,1
everi,1
day,1
research,1
want,3
profit,4
upward,2
trend,15
written,1
bank,1
...,1
also,7
crypto,5
landscap,1
extens,1
one,6
abl,2
comprehend,1
today,1
tell,1
earn,3
money,1
associ,2
risk,3
e,1
loss,1
without,2
need,2
tedious,1
select,2
invest,3
tradit,3
financi,4
two,4
interest,4
instrument,3
indic,15
etf,4
common,2
featur,2
basket,2
structur,1
start,2
index,46
probabl,3
everyon,1
anyth,1
heard,1
stock,5
exchang,8
dow,1
jone,1
sp500,1
dax,1
polish,1
wig20,3
valu,6
​​to,1
weight,5
assign,1
much,2
influenc,1
price,7
given,5
exampl,2
twenti,2
largest,1
compani,3
warsaw,1
specif,2
affect,1
seem,1
great,2
vehicl,1
peopl,1
approach,1
know,1
grow,1
n't,1
individu,4
entir,5
reflect,4
wig,1
segment,2
industri,3
wig.gam,1
problem,1
statist,2
tool,3
illustr,1
chang,5
track,1
observ,1
buy,3
unit,2
trade,1
fund,2
come,2
aid,1
among,1
say,3
so-cal,1
passiv,1
whose,2
portfolio,1
qualit,1
quantit,1
enjoy,1
increas,1
popular,2
year,5
especi,1
foreign,1
wonder,1
simpl,1
cheap,1
use,7
allow,5
catch,1
littl,1
talk,1
commun,2
particularli,1
feel,1
creat,4
perhap,1
unlik,1
list,3
dozen,2
even,5
hundr,2
sinc,2
highli,1
would,3
character,1
high,1
correl,2
henc,1
boom,1
servic,1
coinmarketcap,2
coingecko,1
aggreg,1
data,1
situat,1
began,1
bit,1
thank,1
certain,2
secondli,2
place,2
new,4
product,3
moment,1
avail,3
decentr,7
platform,1
vast,1
major,1
tri,1
financ,3
token,20
form,2
i.e,1
pleas,1
look,3
present,1
base,5
solut,5
recent,1
central,1
mention,1
case,1
discuss,3
us,3
particip,1
wait,1
like,2
see,1
name,1
oracl,3
ethkil,1
polkadot,1
expos,2
version,1
appear,2
ago,1
end,1
novemb,1
2019.,1
middl,1
hot,1
summer,1
composit,8
possibl,3
dynam,1
manag,5
warehous,1
write,1
sdefi,3
follow,2
capit,9
usd,5
3.9,1
million,7
element,1
back,1
actual,2
inform,1
collect,2
outsid,1
chainlink,1
advantag,1
lack,2
deviat,1
rel,1
low,1
liquid,4
due,2
mechan,2
oper,1
synthetix,2
network,1
full,1
protocol,4
alway,1
transact,2
conclud,1
learn,1
behind,1
synthet,1
purchas,1
fact,1
invert,1
twin,1
brother,1
idefi,1
invers,1
includ,3
therefor,2
perfect,1
short,1
piedao,2
offer,1
sever,3
differ,1
call,1
bear,1
mind,1
constantli,1
propos,1
may,2
pedao,1
underneath,2
balanc,1
contain,2
moreov,1
provid,2
pool,2
applic,1
gener,1
addit,2
revenu,1
fee,3
paid,1
trader,1
larg,1
cap,2
proven,1
good,1
conserv,1
investor,1
star,2
stabl,1
growth,1
bet,1
current,2
leader,1
2mdefi,1
small,1
could,1
potenti,1
emerg,1
shine,1
rate,2
return,2
1.1,1
focus,1
thing,1
exist,1
compon,1
anoth,1
++,1
previous,1
0.6,1
..,1
better,2
pay,2
less,2
ga,2
three,1
fundament,1
strong,1
bitcoin,1
ethereum,1
1.4,1
lot,1
design,1
creator,2
defipuls,1
websit,1
said,1
site,1
counterpart,1
tokenset,1
technolog,1
systemat,1
updat,1
asset,1
built-in,1
amount,1
0.95,1
percent,2
final,1
ecosystem,1
support,1
bigger,1
idea,1
exposur,1
power,2
recal,1
vote,1
defin,1
direct,1
develop,1
paramet,1
purpos,1
firstli,1
awar,1
togeth,1
factor,1
activ,1
move,1
way,1
seek,1
strongest,1
compositioncapit,1
11.5,1
relat,1
apart,1
yfi,1
co-creat,1
andr,1
cronj,1
yearn,1
cooper,1
7.3,1
farm,1
deriv,1
respons,1
creation,1
typic,1
reward,1
annual,1
account,1
rang,1
per,1
rememb,1
eat,1
make,1
lose,1
devot,1
aspect,1
next,1
